protein,cid,interaction,prob
BCL2,5870,0,0.06
BCL2,445154,0,0.1
BCL2,46937002,0,0.0
BCL2,46936193,0,0.04
BCL2,54675858,0,0.02
BCL2,5280961,0,0.02
BCL2,2519,0,0.1
BCL2,2153,0,0.02
BCL2,5429,0,0.08
BCL2,2353,0,0.18
BCL2,5994,0,0.0
BCL2,10235,0,0.1
BCL2,1060,0,0.0
BCL2,5280934,0,0.02
BCL2,6054,0,0.02
BCL2,119205,0,0.04
BCL2,637517,0,0.02
BCL2,996,0,0.04
BCL2,439246,0,0.0
BCL2,3034034,0,0.06
BCL2,1130,0,0.1
BCL2,3893,0,0.0
BCL2,12620,0,0.0
BCL2,444294,0,0.02
BCL2,14985,0,0.08
BCL2,338,0,0.02
BCL2,5280863,0,0.02
BCL2,446220,0,0.02
BCL2,702,0,0.02
BCL2,3776,0,0.04
BCL2,5280343,0,0.0
BCL2,6305,0,0.04
BCL2,107971,0,0.0
BCL2,6274,0,0.06
BCL2,6267,0,0.02
BCL2,5962,0,0.0
BCL2,5862,0,0.0
BCL2,33032,0,0.0
BCL2,1174,0,0.02
BCL2,453551,0,0.02
BCL2,1110,0,0.0
BCL2,938,0,0.0
BCL2,7478,0,0.0
BCL2,10133,0,0.0
BCL2,31401,0,0.0
BCL2,221493,0,0.0
BCL2,79034,0,0.0
BCL2,60961,0,0.1
BCL2,3000322,0,0.04
BCL2,5281672,0,0.0
BCL2,1045,0,0.0
BCL2,199,0,0.04
BCL2,1103,0,0.0
BCL2,785,0,0.04
BCL2,3000346,0,0.0
BCL2,998,0,0.06
BCL2,46936484,0,0.0
BCL2,955,0,0.02
BCL2,243,0,0.0
BCL2,1102,0,0.0
BCL2,971,0,0.0
BCL2,25322948,0,0.12
BCL2,681,0,0.04
BCL2,9996708,0,0.0
BCL2,750,0,0.0
BCL2,444863,0,0.0
BCL2,26470759,0,0.02
BCL2,289,0,0.04
BCL2,8969,0,0.04
BCL2,1054,0,0.06
BCL2,5281855,0,0.04
BCL2,72281,0,0.06
BCL2,54670067,0,0.0
BCL2,145742,0,0.02
BCL2,942,0,0.16
BCL2,3532,0,0.02
BCL2,2230,0,0.0
BCL2,379,0,0.0
BCL2,6137,0,0.08
BCL2,16666,0,0.0
BCL2,5283731,0,0.04
BCL2,5280795,0,0.04
BCL2,3182,0,0.06
BCL2,311,0,0.02
BCL2,6089,0,0.08
BCL2,441074,0,0.06
BCL2,612,0,0.0
BCL2,6057,0,0.04
BCL2,6912,0,0.0
BCL2,5960,0,0.0
BCL2,5951,0,0.04
BCL2,6288,0,0.04
BCL2,6287,0,0.0
BCL2,6106,0,0.0
BCL2,239,0,0.0
BCL2,5950,0,0.0
BCL2,154417,0,0.0
BCL2,6140,0,0.04
BCL2,46936492,0,0.02
BCL2,5978,0,0.08
BCL2,241903,0,0.08
BCL2,6021,0,0.06
BCL2,190,0,0.06
BCL2,790,0,0.0
BCL2,1031,0,0.04
BCL2,445354,0,0.02
BCL2,6037,0,0.26
BCL2,493570,0,0.02
BCL2,448751,0,0.02
BCL2,385,0,0.0
BCL2,760,0,0.0
BCL2,743,0,0.0
BCL2,7054,0,0.02
BCL2,264,0,0.0
BCL2,47936,0,0.08
BCL2,439685,0,0.02
BCL2,5282745,0,0.02
BCL2,2879,0,0.04
BCL2,1032,0,0.0
BCL2,46936757,0,0.0
BCL2,19,0,0.0
BCL2,14969,0,0.04
BCL2,2969,0,0.0
BCL2,6590,0,0.0
BCL2,10430,0,0.0
BCL2,440995,0,0.0
BCL2,439260,0,0.04
BCL2,8617,0,0.0
BCL2,1135,0,0.08
BCL2,7991,0,0.0
BCL2,3715,0,0.22
BCL2,5770,0,0.04
BCL2,1176,0,0.0
BCL2,936,0,0.04
BCL2,12530,0,0.0
BCL2,443884,0,0.04
BCL2,440473,0,0.0
BCL2,1549107,0,0.04
BCL2,174174,0,0.0
BCL2,1491,0,0.0
BCL2,647,0,0.0
BCL2,5326566,0,0.0
BCL2,7997,0,0.0
BCL2,1005,0,0.0
BCL2,757,0,0.0
BCL2,24417,0,0.08
BCL2,46936732,0,0.08
BCL2,1123,0,0.04
BCL2,6047,0,0.04
BCL2,441478,0,0.02
BCL2,6581,0,0.0
BCL2,11047943,0,0.04
BCL2,9294,0,0.02
BCL2,31721,0,0.04
BCL2,3007,0,0.06
BCL2,10836,0,0.04
BCL2,342,0,0.04
BCL2,3631,0,0.06
BCL2,6013,0,0.0
BCL2,6128,0,0.0
BCL2,3662,0,0.02
BCL2,9750,0,0.04
BCL2,5288826,0,0.02
BECN1,5870,1,0.62
BECN1,445154,1,0.88
BECN1,46937002,1,0.76
BECN1,46936193,1,0.56
BECN1,54675858,1,0.52
BECN1,5280961,1,0.78
BECN1,2519,1,0.82
BECN1,2153,0,0.2
BECN1,5429,1,0.54
BECN1,2353,0,0.5
BECN1,5994,0,0.26
BECN1,10235,0,0.3
BECN1,1060,1,0.86
BECN1,5280934,1,0.68
BECN1,6054,1,0.64
BECN1,119205,0,0.46
BECN1,637517,1,0.7
BECN1,996,1,0.88
BECN1,439246,1,0.86
BECN1,3034034,0,0.5
BECN1,1130,0,0.22
BECN1,3893,1,0.96
BECN1,12620,1,0.8
BECN1,444294,0,0.38
BECN1,14985,1,0.7
BECN1,338,0,0.26
BECN1,5280863,1,0.86
BECN1,446220,0,0.18
BECN1,702,1,0.7
BECN1,3776,1,0.66
BECN1,5280343,1,0.9
BECN1,6305,0,0.12
BECN1,107971,1,0.72
BECN1,6274,0,0.2
BECN1,6267,0,0.24
BECN1,5962,0,0.1
BECN1,5862,0,0.04
BECN1,33032,0,0.24
BECN1,1174,1,0.58
BECN1,453551,1,0.58
BECN1,1110,1,0.88
BECN1,938,0,0.08
BECN1,7478,0,0.32
BECN1,10133,1,0.62
BECN1,31401,1,0.62
BECN1,221493,1,0.62
BECN1,79034,1,0.86
BECN1,60961,0,0.5
BECN1,3000322,0,0.4
BECN1,5281672,1,0.82
BECN1,1045,0,0.08
BECN1,199,0,0.16
BECN1,1103,0,0.16
BECN1,785,1,0.92
BECN1,3000346,1,0.54
BECN1,998,0,0.18
BECN1,46936484,1,0.84
BECN1,955,0,0.44
BECN1,243,0,0.18
BECN1,1102,0,0.18
BECN1,971,1,0.76
BECN1,25322948,0,0.46
BECN1,681,1,0.58
BECN1,9996708,1,0.74
BECN1,750,0,0.08
BECN1,444863,1,0.86
BECN1,26470759,1,0.58
BECN1,289,1,0.94
BECN1,8969,0,0.42
BECN1,1054,0,0.36
BECN1,5281855,1,0.68
BECN1,72281,1,0.68
BECN1,54670067,1,0.54
BECN1,145742,0,0.26
BECN1,942,1,0.92
BECN1,3532,0,0.34
BECN1,2230,0,0.26
BECN1,379,1,0.96
BECN1,6137,1,0.64
BECN1,16666,1,0.78
BECN1,5283731,1,0.96
BECN1,5280795,1,0.96
BECN1,3182,1,0.56
BECN1,311,1,0.88
BECN1,6089,0,0.3
BECN1,441074,0,0.5
BECN1,612,1,0.84
BECN1,6057,0,0.3
BECN1,6912,1,0.74
BECN1,5960,0,0.16
BECN1,5951,0,0.22
BECN1,6288,0,0.36
BECN1,6287,0,0.22
BECN1,6106,0,0.22
BECN1,239,0,0.18
BECN1,5950,0,0.12
BECN1,154417,0,0.4
BECN1,6140,0,0.2
BECN1,46936492,1,0.54
BECN1,5978,0,0.46
BECN1,241903,0,0.44
BECN1,6021,0,0.14
BECN1,190,0,0.46
BECN1,790,0,0.36
BECN1,1031,1,0.7
BECN1,445354,1,0.68
BECN1,6037,1,0.8
BECN1,493570,0,0.24
BECN1,448751,0,0.46
BECN1,385,1,0.88
BECN1,760,0,0.36
BECN1,743,1,0.9
BECN1,7054,0,0.28
BECN1,264,1,0.96
BECN1,47936,1,0.66
BECN1,439685,0,0.28
BECN1,5282745,1,0.68
BECN1,2879,1,0.72
BECN1,1032,1,0.86
BECN1,46936757,1,0.8
BECN1,19,0,0.42
BECN1,14969,0,0.3
BECN1,2969,1,0.96
BECN1,6590,1,0.94
BECN1,10430,1,0.96
BECN1,440995,1,0.92
BECN1,439260,1,0.66
BECN1,8617,0,0.12
BECN1,1135,1,0.56
BECN1,7991,1,0.96
BECN1,3715,1,0.8
BECN1,5770,0,0.34
BECN1,1176,0,0.24
BECN1,936,0,0.18
BECN1,12530,1,0.96
BECN1,443884,0,0.1
BECN1,440473,0,0.22
BECN1,1549107,1,0.66
BECN1,174174,0,0.4
BECN1,1491,0,0.42
BECN1,647,0,0.48
BECN1,5326566,0,0.24
BECN1,7997,1,0.72
BECN1,1005,1,0.62
BECN1,757,1,0.68
BECN1,24417,1,0.54
BECN1,46936732,0,0.5
BECN1,1123,0,0.34
BECN1,6047,0,0.3
BECN1,441478,1,0.58
BECN1,6581,1,0.6
BECN1,11047943,0,0.42
BECN1,9294,1,0.68
BECN1,31721,0,0.34
BECN1,3007,0,0.3
BECN1,10836,1,0.86
BECN1,342,1,0.76
BECN1,3631,0,0.14
BECN1,6013,0,0.48
BECN1,6128,0,0.24
BECN1,3662,0,0.42
BECN1,9750,0,0.22
BECN1,5288826,0,0.46
CDN2A,5870,0,0.06
CDN2A,445154,1,0.74
CDN2A,46937002,0,0.02
CDN2A,46936193,0,0.06
CDN2A,54675858,0,0.18
CDN2A,5280961,0,0.06
CDN2A,2519,0,0.08
CDN2A,2153,0,0.08
CDN2A,5429,0,0.08
CDN2A,2353,0,0.14
CDN2A,5994,0,0.18
CDN2A,10235,0,0.16
CDN2A,1060,0,0.0
CDN2A,5280934,0,0.04
CDN2A,6054,0,0.1
CDN2A,119205,0,0.16
CDN2A,637517,0,0.04
CDN2A,996,1,0.58
CDN2A,439246,0,0.26
CDN2A,3034034,0,0.12
CDN2A,1130,0,0.22
CDN2A,3893,0,0.12
CDN2A,12620,0,0.2
CDN2A,444294,0,0.22
CDN2A,14985,0,0.12
CDN2A,338,0,0.02
CDN2A,5280863,0,0.22
CDN2A,446220,0,0.02
CDN2A,702,0,0.38
CDN2A,3776,0,0.2
CDN2A,5280343,1,0.68
CDN2A,6305,0,0.26
CDN2A,107971,0,0.0
CDN2A,6274,0,0.12
CDN2A,6267,0,0.32
CDN2A,5962,0,0.24
CDN2A,5862,0,0.4
CDN2A,33032,1,0.66
CDN2A,1174,0,0.22
CDN2A,453551,0,0.48
CDN2A,1110,0,0.06
CDN2A,938,0,0.08
CDN2A,7478,0,0.16
CDN2A,10133,0,0.1
CDN2A,31401,0,0.1
CDN2A,221493,0,0.1
CDN2A,79034,0,0.04
CDN2A,60961,0,0.06
CDN2A,3000322,0,0.02
CDN2A,5281672,0,0.14
CDN2A,1045,0,0.16
CDN2A,199,0,0.06
CDN2A,1103,0,0.06
CDN2A,785,1,0.8
CDN2A,3000346,0,0.48
CDN2A,998,0,0.02
CDN2A,46936484,0,0.02
CDN2A,955,0,0.46
CDN2A,243,0,0.14
CDN2A,1102,0,0.02
CDN2A,971,0,0.04
CDN2A,25322948,0,0.1
CDN2A,681,0,0.22
CDN2A,9996708,0,0.08
CDN2A,750,0,0.26
CDN2A,444863,0,0.04
CDN2A,26470759,0,0.3
CDN2A,289,1,0.72
CDN2A,8969,0,0.06
CDN2A,1054,0,0.3
CDN2A,5281855,0,0.2
CDN2A,72281,0,0.02
CDN2A,54670067,0,0.1
CDN2A,145742,0,0.18
CDN2A,942,0,0.38
CDN2A,3532,0,0.12
CDN2A,2230,0,0.1
CDN2A,379,0,0.12
CDN2A,6137,0,0.5
CDN2A,16666,0,0.26
CDN2A,5283731,0,0.0
CDN2A,5280795,0,0.0
CDN2A,3182,0,0.12
CDN2A,311,0,0.2
CDN2A,6089,0,0.1
CDN2A,441074,0,0.12
CDN2A,612,0,0.02
CDN2A,6057,0,0.06
CDN2A,6912,0,0.2
CDN2A,5960,0,0.28
CDN2A,5951,0,0.32
CDN2A,6288,0,0.24
CDN2A,6287,0,0.32
CDN2A,6106,0,0.36
CDN2A,239,0,0.16
CDN2A,5950,0,0.32
CDN2A,154417,0,0.04
CDN2A,6140,0,0.1
CDN2A,46936492,0,0.14
CDN2A,5978,1,0.8
CDN2A,241903,1,0.76
CDN2A,6021,0,0.12
CDN2A,190,0,0.18
CDN2A,790,0,0.04
CDN2A,1031,0,0.22
CDN2A,445354,0,0.08
CDN2A,6037,1,0.88
CDN2A,493570,0,0.22
CDN2A,448751,0,0.34
CDN2A,385,0,0.1
CDN2A,760,0,0.0
CDN2A,743,0,0.14
CDN2A,7054,0,0.0
CDN2A,264,0,0.04
CDN2A,47936,0,0.1
CDN2A,439685,0,0.22
CDN2A,5282745,0,0.04
CDN2A,2879,0,0.12
CDN2A,1032,0,0.0
CDN2A,46936757,0,0.04
CDN2A,19,0,0.12
CDN2A,14969,0,0.16
CDN2A,2969,0,0.12
CDN2A,6590,0,0.12
CDN2A,10430,0,0.12
CDN2A,440995,0,0.0
CDN2A,439260,0,0.14
CDN2A,8617,0,0.1
CDN2A,1135,0,0.22
CDN2A,7991,0,0.12
CDN2A,3715,0,0.5
CDN2A,5770,0,0.36
CDN2A,1176,0,0.32
CDN2A,936,0,0.18
CDN2A,12530,0,0.12
CDN2A,443884,0,0.06
CDN2A,440473,0,0.12
CDN2A,1549107,0,0.06
CDN2A,174174,0,0.04
CDN2A,1491,0,0.02
CDN2A,647,0,0.1
CDN2A,5326566,0,0.16
CDN2A,7997,0,0.16
CDN2A,1005,0,0.06
CDN2A,757,0,0.06
CDN2A,24417,0,0.5
CDN2A,46936732,0,0.34
CDN2A,1123,0,0.16
CDN2A,6047,0,0.08
CDN2A,441478,0,0.3
CDN2A,6581,0,0.0
CDN2A,11047943,0,0.12
CDN2A,9294,0,0.26
CDN2A,31721,0,0.3
CDN2A,3007,0,0.48
CDN2A,10836,1,0.64
CDN2A,342,0,0.26
CDN2A,3631,0,0.12
CDN2A,6013,0,0.06
CDN2A,6128,0,0.16
CDN2A,3662,0,0.08
CDN2A,9750,0,0.12
CDN2A,5288826,0,0.0
IGF1,5870,1,0.56
IGF1,445154,1,0.92
IGF1,46937002,1,0.76
IGF1,46936193,0,0.1
IGF1,54675858,0,0.18
IGF1,5280961,1,0.62
IGF1,2519,1,0.66
IGF1,2153,1,0.6
IGF1,5429,1,0.6
IGF1,2353,0,0.4
IGF1,5994,1,0.54
IGF1,10235,0,0.26
IGF1,1060,0,0.22
IGF1,5280934,0,0.24
IGF1,6054,1,0.58
IGF1,119205,0,0.32
IGF1,637517,0,0.26
IGF1,996,1,1.0
IGF1,439246,1,0.64
IGF1,3034034,0,0.3
IGF1,1130,0,0.28
IGF1,3893,0,0.38
IGF1,12620,1,0.76
IGF1,444294,0,0.44
IGF1,14985,1,0.56
IGF1,338,0,0.02
IGF1,5280863,1,0.72
IGF1,446220,0,0.14
IGF1,702,1,0.96
IGF1,3776,1,0.74
IGF1,5280343,1,0.7
IGF1,6305,0,0.2
IGF1,107971,0,0.1
IGF1,6274,0,0.22
IGF1,6267,0,0.24
IGF1,5962,0,0.16
IGF1,5862,0,0.14
IGF1,33032,0,0.32
IGF1,1174,1,0.76
IGF1,453551,0,0.34
IGF1,1110,0,0.4
IGF1,938,0,0.32
IGF1,7478,0,0.22
IGF1,10133,0,0.16
IGF1,31401,0,0.16
IGF1,221493,0,0.16
IGF1,79034,0,0.36
IGF1,60961,1,0.8
IGF1,3000322,0,0.24
IGF1,5281672,0,0.2
IGF1,1045,0,0.22
IGF1,199,0,0.22
IGF1,1103,0,0.14
IGF1,785,1,0.94
IGF1,3000346,0,0.34
IGF1,998,0,0.14
IGF1,46936484,1,0.78
IGF1,955,0,0.36
IGF1,243,0,0.14
IGF1,1102,0,0.1
IGF1,971,0,0.14
IGF1,25322948,0,0.4
IGF1,681,1,0.68
IGF1,9996708,1,0.7
IGF1,750,0,0.16
IGF1,444863,1,0.82
IGF1,26470759,0,0.42
IGF1,289,1,0.9
IGF1,8969,0,0.26
IGF1,1054,0,0.46
IGF1,5281855,1,0.54
IGF1,72281,0,0.36
IGF1,54670067,1,0.82
IGF1,145742,0,0.4
IGF1,942,1,0.88
IGF1,3532,0,0.4
IGF1,2230,0,0.22
IGF1,379,0,0.38
IGF1,6137,1,0.98
IGF1,16666,1,0.62
IGF1,5283731,1,0.72
IGF1,5280795,1,0.62
IGF1,3182,0,0.5
IGF1,311,0,0.3
IGF1,6089,0,0.1
IGF1,441074,0,0.3
IGF1,612,0,0.36
IGF1,6057,0,0.3
IGF1,6912,1,0.84
IGF1,5960,0,0.12
IGF1,5951,0,0.26
IGF1,6288,0,0.34
IGF1,6287,0,0.42
IGF1,6106,0,0.3
IGF1,239,0,0.22
IGF1,5950,0,0.24
IGF1,154417,0,0.24
IGF1,6140,0,0.14
IGF1,46936492,0,0.4
IGF1,5978,1,0.74
IGF1,241903,1,0.52
IGF1,6021,0,0.4
IGF1,190,0,0.3
IGF1,790,1,0.72
IGF1,1031,1,0.76
IGF1,445354,1,0.6
IGF1,6037,0,0.42
IGF1,493570,0,0.34
IGF1,448751,0,0.1
IGF1,385,0,0.3
IGF1,760,0,0.1
IGF1,743,0,0.5
IGF1,7054,0,0.24
IGF1,264,1,0.62
IGF1,47936,0,0.4
IGF1,439685,0,0.48
IGF1,5282745,0,0.24
IGF1,2879,1,0.88
IGF1,1032,0,0.22
IGF1,46936757,0,0.42
IGF1,19,0,0.04
IGF1,14969,0,0.32
IGF1,2969,0,0.38
IGF1,6590,0,0.34
IGF1,10430,1,0.58
IGF1,440995,1,0.88
IGF1,439260,1,0.76
IGF1,8617,0,0.16
IGF1,1135,1,0.64
IGF1,7991,1,0.56
IGF1,3715,1,0.86
IGF1,5770,0,0.06
IGF1,1176,0,0.2
IGF1,936,0,0.14
IGF1,12530,0,0.38
IGF1,443884,0,0.18
IGF1,440473,0,0.36
IGF1,1549107,0,0.32
IGF1,174174,0,0.24
IGF1,1491,0,0.08
IGF1,647,0,0.5
IGF1,5326566,0,0.2
IGF1,7997,0,0.4
IGF1,1005,1,0.54
IGF1,757,0,0.34
IGF1,24417,1,0.9
IGF1,46936732,1,0.54
IGF1,1123,0,0.22
IGF1,6047,0,0.32
IGF1,441478,0,0.42
IGF1,6581,0,0.38
IGF1,11047943,0,0.24
IGF1,9294,1,0.74
IGF1,31721,0,0.4
IGF1,3007,0,0.16
IGF1,10836,0,0.2
IGF1,342,1,0.84
IGF1,3631,0,0.22
IGF1,6013,1,0.88
IGF1,6128,1,0.56
IGF1,3662,1,0.52
IGF1,9750,0,0.32
IGF1,5288826,0,0.32
KLOT,5870,0,0.02
KLOT,445154,1,0.6
KLOT,46937002,0,0.24
KLOT,46936193,0,0.02
KLOT,54675858,0,0.0
KLOT,5280961,0,0.02
KLOT,2519,0,0.42
KLOT,2153,0,0.46
KLOT,5429,0,0.4
KLOT,2353,0,0.06
KLOT,5994,0,0.04
KLOT,10235,0,0.14
KLOT,1060,0,0.02
KLOT,5280934,0,0.02
KLOT,6054,0,0.12
KLOT,119205,0,0.0
KLOT,637517,0,0.02
KLOT,996,0,0.08
KLOT,439246,0,0.0
KLOT,3034034,0,0.06
KLOT,1130,0,0.12
KLOT,3893,0,0.0
KLOT,12620,0,0.02
KLOT,444294,0,0.2
KLOT,14985,0,0.24
KLOT,338,0,0.0
KLOT,5280863,0,0.0
KLOT,446220,0,0.06
KLOT,702,0,0.5
KLOT,3776,0,0.26
KLOT,5280343,0,0.0
KLOT,6305,0,0.14
KLOT,107971,0,0.02
KLOT,6274,0,0.2
KLOT,6267,0,0.14
KLOT,5962,0,0.12
KLOT,5862,0,0.26
KLOT,33032,0,0.12
KLOT,1174,0,0.02
KLOT,453551,0,0.04
KLOT,1110,0,0.0
KLOT,938,0,0.06
KLOT,7478,0,0.0
KLOT,10133,0,0.02
KLOT,31401,0,0.02
KLOT,221493,0,0.02
KLOT,79034,0,0.02
KLOT,60961,0,0.0
KLOT,3000322,0,0.02
KLOT,5281672,0,0.0
KLOT,1045,0,0.3
KLOT,199,0,0.3
KLOT,1103,0,0.16
KLOT,785,0,0.06
KLOT,3000346,0,0.1
KLOT,998,0,0.18
KLOT,46936484,0,0.0
KLOT,955,0,0.08
KLOT,243,0,0.0
KLOT,1102,0,0.26
KLOT,971,0,0.0
KLOT,25322948,0,0.0
KLOT,681,0,0.02
KLOT,9996708,0,0.02
KLOT,750,0,0.24
KLOT,444863,0,0.0
KLOT,26470759,0,0.04
KLOT,289,0,0.1
KLOT,8969,0,0.02
KLOT,1054,0,0.14
KLOT,5281855,0,0.04
KLOT,72281,0,0.0
KLOT,54670067,0,0.02
KLOT,145742,0,0.26
KLOT,942,0,0.16
KLOT,3532,0,0.12
KLOT,2230,0,0.0
KLOT,379,0,0.0
KLOT,6137,0,0.04
KLOT,16666,0,0.04
KLOT,5283731,1,0.64
KLOT,5280795,1,0.76
KLOT,3182,0,0.28
KLOT,311,0,0.06
KLOT,6089,0,0.02
KLOT,441074,0,0.06
KLOT,612,0,0.04
KLOT,6057,0,0.02
KLOT,6912,0,0.06
KLOT,5960,0,0.16
KLOT,5951,0,0.24
KLOT,6288,0,0.12
KLOT,6287,0,0.12
KLOT,6106,0,0.08
KLOT,239,0,0.2
KLOT,5950,0,0.22
KLOT,154417,0,0.02
KLOT,6140,0,0.0
KLOT,46936492,0,0.06
KLOT,5978,0,0.12
KLOT,241903,0,0.1
KLOT,6021,0,0.06
KLOT,190,0,0.02
KLOT,790,0,0.02
KLOT,1031,0,0.2
KLOT,445354,0,0.2
KLOT,6037,0,0.26
KLOT,493570,0,0.04
KLOT,448751,0,0.04
KLOT,385,0,0.06
KLOT,760,0,0.32
KLOT,743,0,0.04
KLOT,7054,0,0.0
KLOT,264,0,0.0
KLOT,47936,0,0.16
KLOT,439685,0,0.22
KLOT,5282745,0,0.02
KLOT,2879,0,0.04
KLOT,1032,0,0.0
KLOT,46936757,0,0.2
KLOT,19,0,0.0
KLOT,14969,0,0.04
KLOT,2969,0,0.0
KLOT,6590,0,0.02
KLOT,10430,0,0.0
KLOT,440995,0,0.0
KLOT,439260,0,0.02
KLOT,8617,0,0.04
KLOT,1135,0,0.02
KLOT,7991,0,0.04
KLOT,3715,0,0.18
KLOT,5770,0,0.08
KLOT,1176,0,0.26
KLOT,936,0,0.16
KLOT,12530,0,0.0
KLOT,443884,0,0.04
KLOT,440473,0,0.1
KLOT,1549107,0,0.16
KLOT,174174,0,0.02
KLOT,1491,0,0.0
KLOT,647,0,0.02
KLOT,5326566,0,0.04
KLOT,7997,0,0.04
KLOT,1005,0,0.14
KLOT,757,0,0.08
KLOT,24417,0,0.06
KLOT,46936732,0,0.06
KLOT,1123,0,0.14
KLOT,6047,0,0.02
KLOT,441478,0,0.04
KLOT,6581,0,0.04
KLOT,11047943,0,0.0
KLOT,9294,0,0.04
KLOT,31721,0,0.04
KLOT,3007,0,0.06
KLOT,10836,0,0.08
KLOT,342,0,0.06
KLOT,3631,0,0.08
KLOT,6013,0,0.04
KLOT,6128,0,0.04
KLOT,3662,0,0.04
KLOT,9750,0,0.4
KLOT,5288826,0,0.0
SIR1,5870,1,0.68
SIR1,445154,1,0.9
SIR1,46937002,1,0.96
SIR1,46936193,1,0.82
SIR1,54675858,1,0.58
SIR1,5280961,1,0.96
SIR1,2519,1,0.94
SIR1,2153,1,0.84
SIR1,5429,1,0.84
SIR1,2353,1,0.7
SIR1,5994,0,0.36
SIR1,10235,1,0.6
SIR1,1060,1,0.84
SIR1,5280934,1,0.9
SIR1,6054,1,0.8
SIR1,119205,1,0.64
SIR1,637517,1,0.92
SIR1,996,1,0.98
SIR1,439246,1,0.92
SIR1,3034034,1,0.6
SIR1,1130,1,0.56
SIR1,3893,1,0.88
SIR1,12620,1,0.78
SIR1,444294,0,0.48
SIR1,14985,1,0.84
SIR1,338,0,0.46
SIR1,5280863,1,0.94
SIR1,446220,0,0.34
SIR1,702,1,0.84
SIR1,3776,1,0.8
SIR1,5280343,1,0.96
SIR1,6305,1,0.64
SIR1,107971,1,0.92
SIR1,6274,0,0.5
SIR1,6267,0,0.32
SIR1,5962,0,0.32
SIR1,5862,0,0.08
SIR1,33032,1,0.54
SIR1,1174,0,0.5
SIR1,453551,0,0.26
SIR1,1110,1,0.78
SIR1,938,1,0.56
SIR1,7478,0,0.34
SIR1,10133,1,0.8
SIR1,31401,1,0.8
SIR1,221493,1,0.8
SIR1,79034,1,0.78
SIR1,60961,1,0.82
SIR1,3000322,0,0.5
SIR1,5281672,1,0.86
SIR1,1045,0,0.08
SIR1,199,0,0.28
SIR1,1103,0,0.14
SIR1,785,1,0.98
SIR1,3000346,0,0.3
SIR1,998,1,0.52
SIR1,46936484,1,0.84
SIR1,955,0,0.3
SIR1,243,0,0.3
SIR1,1102,0,0.06
SIR1,971,1,0.62
SIR1,25322948,1,0.82
SIR1,681,1,0.76
SIR1,9996708,1,0.82
SIR1,750,1,0.52
SIR1,444863,1,0.92
SIR1,26470759,1,0.7
SIR1,289,1,1.0
SIR1,8969,1,0.54
SIR1,1054,0,0.5
SIR1,5281855,1,0.6
SIR1,72281,1,0.62
SIR1,54670067,1,0.56
SIR1,145742,1,0.56
SIR1,942,1,0.98
SIR1,3532,0,0.4
SIR1,2230,1,0.58
SIR1,379,1,0.88
SIR1,6137,0,0.34
SIR1,16666,1,0.74
SIR1,5283731,1,0.96
SIR1,5280795,1,0.92
SIR1,3182,1,0.7
SIR1,311,1,0.68
SIR1,6089,1,0.9
SIR1,441074,1,0.6
SIR1,612,1,0.68
SIR1,6057,0,0.46
SIR1,6912,1,0.9
SIR1,5960,0,0.26
SIR1,5951,0,0.4
SIR1,6288,1,0.54
SIR1,6287,0,0.46
SIR1,6106,0,0.48
SIR1,239,0,0.42
SIR1,5950,0,0.44
SIR1,154417,1,0.54
SIR1,6140,0,0.4
SIR1,46936492,1,0.62
SIR1,5978,1,0.74
SIR1,241903,1,0.56
SIR1,6021,1,0.66
SIR1,190,1,0.6
SIR1,790,1,0.98
SIR1,1031,1,0.78
SIR1,445354,1,0.58
SIR1,6037,1,0.66
SIR1,493570,0,0.44
SIR1,448751,1,0.8
SIR1,385,1,0.76
SIR1,760,1,0.62
SIR1,743,1,0.84
SIR1,7054,1,0.78
SIR1,264,1,0.94
SIR1,47936,1,0.96
SIR1,439685,1,0.64
SIR1,5282745,1,0.9
SIR1,2879,1,0.82
SIR1,1032,1,0.96
SIR1,46936757,1,0.96
SIR1,19,1,0.54
SIR1,14969,0,0.36
SIR1,2969,1,0.88
SIR1,6590,1,0.88
SIR1,10430,1,0.9
SIR1,440995,1,0.92
SIR1,439260,1,0.76
SIR1,8617,1,0.54
SIR1,1135,1,0.6
SIR1,7991,1,0.9
SIR1,3715,1,0.74
SIR1,5770,0,0.42
SIR1,1176,0,0.4
SIR1,936,1,0.8
SIR1,12530,1,0.88
SIR1,443884,1,0.66
SIR1,440473,0,0.44
SIR1,1549107,1,0.52
SIR1,174174,1,0.54
SIR1,1491,0,0.42
SIR1,647,1,0.58
SIR1,5326566,1,0.66
SIR1,7997,1,0.76
SIR1,1005,1,0.58
SIR1,757,1,0.68
SIR1,24417,0,0.36
SIR1,46936732,1,0.52
SIR1,1123,0,0.44
SIR1,6047,0,0.44
SIR1,441478,1,0.7
SIR1,6581,1,0.7
SIR1,11047943,0,0.5
SIR1,9294,1,0.62
SIR1,31721,1,0.74
SIR1,3007,1,0.82
SIR1,10836,1,0.96
SIR1,342,1,0.84
SIR1,3631,1,0.64
SIR1,6013,1,0.96
SIR1,6128,0,0.36
SIR1,3662,1,0.94
SIR1,9750,0,0.4
SIR1,5288826,1,0.54
SIR2,5870,1,0.54
SIR2,445154,1,0.78
SIR2,46937002,0,0.16
SIR2,46936193,0,0.12
SIR2,54675858,0,0.1
SIR2,5280961,0,0.06
SIR2,2519,1,0.8
SIR2,2153,1,0.62
SIR2,5429,1,0.68
SIR2,2353,0,0.46
SIR2,5994,0,0.18
SIR2,10235,0,0.4
SIR2,1060,0,0.0
SIR2,5280934,0,0.0
SIR2,6054,0,0.28
SIR2,119205,0,0.32
SIR2,637517,0,0.0
SIR2,996,0,0.34
SIR2,439246,0,0.08
SIR2,3034034,0,0.46
SIR2,1130,1,0.58
SIR2,3893,0,0.06
SIR2,12620,0,0.24
SIR2,444294,0,0.18
SIR2,14985,0,0.4
SIR2,338,0,0.06
SIR2,5280863,0,0.0
SIR2,446220,0,0.1
SIR2,702,1,0.8
SIR2,3776,0,0.48
SIR2,5280343,0,0.06
SIR2,6305,1,0.58
SIR2,107971,0,0.06
SIR2,6274,1,0.54
SIR2,6267,0,0.3
SIR2,5962,0,0.24
SIR2,5862,0,0.06
SIR2,33032,1,0.6
SIR2,1174,0,0.3
SIR2,453551,0,0.32
SIR2,1110,0,0.0
SIR2,938,0,0.18
SIR2,7478,0,0.08
SIR2,10133,0,0.0
SIR2,31401,0,0.0
SIR2,221493,0,0.0
SIR2,79034,0,0.06
SIR2,60961,0,0.48
SIR2,3000322,0,0.1
SIR2,5281672,0,0.08
SIR2,1045,0,0.08
SIR2,199,0,0.06
SIR2,1103,0,0.06
SIR2,785,0,0.36
SIR2,3000346,0,0.26
SIR2,998,0,0.18
SIR2,46936484,0,0.16
SIR2,955,0,0.2
SIR2,243,0,0.08
SIR2,1102,0,0.04
SIR2,971,0,0.02
SIR2,25322948,0,0.42
SIR2,681,0,0.4
SIR2,9996708,0,0.16
SIR2,750,0,0.1
SIR2,444863,0,0.12
SIR2,26470759,0,0.08
SIR2,289,0,0.26
SIR2,8969,0,0.38
SIR2,1054,0,0.4
SIR2,5281855,0,0.22
SIR2,72281,0,0.02
SIR2,54670067,0,0.06
SIR2,145742,0,0.26
SIR2,942,0,0.46
SIR2,3532,0,0.18
SIR2,2230,0,0.18
SIR2,379,0,0.06
SIR2,6137,0,0.2
SIR2,16666,0,0.22
SIR2,5283731,0,0.08
SIR2,5280795,0,0.1
SIR2,3182,1,0.6
SIR2,311,0,0.12
SIR2,6089,1,0.52
SIR2,441074,0,0.46
SIR2,612,0,0.02
SIR2,6057,0,0.2
SIR2,6912,0,0.18
SIR2,5960,0,0.08
SIR2,5951,0,0.24
SIR2,6288,0,0.18
SIR2,6287,0,0.08
SIR2,6106,0,0.12
SIR2,239,0,0.1
SIR2,5950,0,0.12
SIR2,154417,0,0.12
SIR2,6140,0,0.24
SIR2,46936492,0,0.06
SIR2,5978,1,0.52
SIR2,241903,1,0.52
SIR2,6021,0,0.42
SIR2,190,0,0.36
SIR2,790,1,0.94
SIR2,1031,0,0.46
SIR2,445354,0,0.0
SIR2,6037,1,0.98
SIR2,493570,1,0.58
SIR2,448751,0,0.44
SIR2,385,0,0.04
SIR2,760,0,0.16
SIR2,743,0,0.1
SIR2,7054,1,0.54
SIR2,264,0,0.0
SIR2,47936,0,0.26
SIR2,439685,0,0.36
SIR2,5282745,0,0.0
SIR2,2879,0,0.38
SIR2,1032,0,0.0
SIR2,46936757,0,0.08
SIR2,19,0,0.06
SIR2,14969,0,0.32
SIR2,2969,0,0.06
SIR2,6590,0,0.0
SIR2,10430,0,0.0
SIR2,440995,0,0.14
SIR2,439260,0,0.32
SIR2,8617,0,0.46
SIR2,1135,0,0.3
SIR2,7991,0,0.0
SIR2,3715,1,0.58
SIR2,5770,0,0.38
SIR2,1176,0,0.42
SIR2,936,0,0.28
SIR2,12530,0,0.06
SIR2,443884,1,0.56
SIR2,440473,0,0.32
SIR2,1549107,0,0.02
SIR2,174174,0,0.12
SIR2,1491,0,0.08
SIR2,647,0,0.12
SIR2,5326566,0,0.48
SIR2,7997,0,0.1
SIR2,1005,0,0.02
SIR2,757,0,0.14
SIR2,24417,0,0.24
SIR2,46936732,0,0.34
SIR2,1123,0,0.12
SIR2,6047,0,0.34
SIR2,441478,0,0.08
SIR2,6581,0,0.02
SIR2,11047943,0,0.04
SIR2,9294,0,0.36
SIR2,31721,0,0.46
SIR2,3007,1,0.68
SIR2,10836,1,0.86
SIR2,342,0,0.36
SIR2,3631,0,0.38
SIR2,6013,0,0.14
SIR2,6128,0,0.18
SIR2,3662,0,0.26
SIR2,9750,0,0.2
SIR2,5288826,0,0.06
SIR3,5870,0,0.36
SIR3,445154,1,0.76
SIR3,46937002,0,0.08
SIR3,46936193,0,0.22
SIR3,54675858,0,0.14
SIR3,5280961,0,0.26
SIR3,2519,0,0.06
SIR3,2153,0,0.0
SIR3,5429,0,0.04
SIR3,2353,0,0.08
SIR3,5994,0,0.06
SIR3,10235,0,0.14
SIR3,1060,0,0.04
SIR3,5280934,0,0.02
SIR3,6054,0,0.22
SIR3,119205,0,0.02
SIR3,637517,0,0.04
SIR3,996,0,0.14
SIR3,439246,0,0.36
SIR3,3034034,0,0.14
SIR3,1130,0,0.32
SIR3,3893,0,0.04
SIR3,12620,0,0.24
SIR3,444294,0,0.1
SIR3,14985,0,0.08
SIR3,338,0,0.04
SIR3,5280863,0,0.16
SIR3,446220,0,0.02
SIR3,702,1,0.78
SIR3,3776,0,0.48
SIR3,5280343,0,0.1
SIR3,6305,0,0.14
SIR3,107971,0,0.2
SIR3,6274,0,0.06
SIR3,6267,0,0.12
SIR3,5962,0,0.06
SIR3,5862,0,0.38
SIR3,33032,0,0.2
SIR3,1174,0,0.28
SIR3,453551,0,0.24
SIR3,1110,0,0.0
SIR3,938,0,0.22
SIR3,7478,0,0.04
SIR3,10133,0,0.02
SIR3,31401,0,0.02
SIR3,221493,0,0.02
SIR3,79034,0,0.04
SIR3,60961,1,0.84
SIR3,3000322,0,0.02
SIR3,5281672,0,0.04
SIR3,1045,0,0.06
SIR3,199,0,0.18
SIR3,1103,0,0.08
SIR3,785,0,0.26
SIR3,3000346,0,0.18
SIR3,998,0,0.04
SIR3,46936484,0,0.08
SIR3,955,0,0.02
SIR3,243,0,0.0
SIR3,1102,0,0.06
SIR3,971,0,0.04
SIR3,25322948,1,0.98
SIR3,681,0,0.22
SIR3,9996708,0,0.18
SIR3,750,0,0.2
SIR3,444863,0,0.06
SIR3,26470759,0,0.18
SIR3,289,0,0.22
SIR3,8969,0,0.06
SIR3,1054,0,0.24
SIR3,5281855,0,0.06
SIR3,72281,1,0.64
SIR3,54670067,0,0.02
SIR3,145742,0,0.08
SIR3,942,0,0.28
SIR3,3532,0,0.08
SIR3,2230,0,0.1
SIR3,379,0,0.04
SIR3,6137,1,0.7
SIR3,16666,0,0.14
SIR3,5283731,0,0.08
SIR3,5280795,0,0.1
SIR3,3182,0,0.18
SIR3,311,0,0.16
SIR3,6089,0,0.14
SIR3,441074,0,0.14
SIR3,612,0,0.04
SIR3,6057,0,0.02
SIR3,6912,0,0.24
SIR3,5960,0,0.12
SIR3,5951,0,0.3
SIR3,6288,0,0.24
SIR3,6287,0,0.22
SIR3,6106,0,0.14
SIR3,239,0,0.2
SIR3,5950,0,0.28
SIR3,154417,0,0.0
SIR3,6140,0,0.0
SIR3,46936492,0,0.04
SIR3,5978,0,0.2
SIR3,241903,0,0.16
SIR3,6021,0,0.28
SIR3,190,0,0.48
SIR3,790,0,0.0
SIR3,1031,0,0.46
SIR3,445354,0,0.18
SIR3,6037,1,0.88
SIR3,493570,0,0.1
SIR3,448751,0,0.02
SIR3,385,0,0.06
SIR3,760,0,0.04
SIR3,743,0,0.04
SIR3,7054,0,0.04
SIR3,264,0,0.0
SIR3,47936,0,0.14
SIR3,439685,0,0.1
SIR3,5282745,0,0.02
SIR3,2879,0,0.44
SIR3,1032,0,0.02
SIR3,46936757,0,0.0
SIR3,19,0,0.02
SIR3,14969,0,0.12
SIR3,2969,0,0.04
SIR3,6590,0,0.0
SIR3,10430,0,0.0
SIR3,440995,0,0.06
SIR3,439260,0,0.16
SIR3,8617,0,0.04
SIR3,1135,0,0.26
SIR3,7991,0,0.0
SIR3,3715,0,0.22
SIR3,5770,0,0.16
SIR3,1176,0,0.08
SIR3,936,1,0.8
SIR3,12530,0,0.04
SIR3,443884,0,0.08
SIR3,440473,0,0.04
SIR3,1549107,0,0.08
SIR3,174174,0,0.0
SIR3,1491,0,0.06
SIR3,647,0,0.14
SIR3,5326566,0,0.12
SIR3,7997,0,0.0
SIR3,1005,0,0.08
SIR3,757,0,0.16
SIR3,24417,1,0.64
SIR3,46936732,0,0.48
SIR3,1123,0,0.1
SIR3,6047,0,0.02
SIR3,441478,0,0.18
SIR3,6581,0,0.02
SIR3,11047943,0,0.24
SIR3,9294,0,0.06
SIR3,31721,0,0.04
SIR3,3007,0,0.06
SIR3,10836,0,0.08
SIR3,342,0,0.42
SIR3,3631,0,0.12
SIR3,6013,0,0.04
SIR3,6128,0,0.06
SIR3,3662,0,0.02
SIR3,9750,0,0.06
SIR3,5288826,0,0.1
SIR4,5870,0,0.04
SIR4,445154,0,0.2
SIR4,46937002,0,0.0
SIR4,46936193,0,0.02
SIR4,54675858,0,0.02
SIR4,5280961,0,0.0
SIR4,2519,0,0.12
SIR4,2153,0,0.12
SIR4,5429,0,0.12
SIR4,2353,0,0.12
SIR4,5994,0,0.02
SIR4,10235,0,0.1
SIR4,1060,0,0.0
SIR4,5280934,0,0.04
SIR4,6054,0,0.12
SIR4,119205,0,0.02
SIR4,637517,0,0.02
SIR4,996,0,0.1
SIR4,439246,0,0.0
SIR4,3034034,0,0.08
SIR4,1130,0,0.22
SIR4,3893,0,0.1
SIR4,12620,0,0.06
SIR4,444294,0,0.06
SIR4,14985,0,0.06
SIR4,338,0,0.0
SIR4,5280863,0,0.0
SIR4,446220,0,0.04
SIR4,702,0,0.26
SIR4,3776,0,0.14
SIR4,5280343,0,0.0
SIR4,6305,1,0.56
SIR4,107971,0,0.0
SIR4,6274,0,0.12
SIR4,6267,0,0.04
SIR4,5962,0,0.0
SIR4,5862,0,0.08
SIR4,33032,0,0.18
SIR4,1174,0,0.12
SIR4,453551,0,0.2
SIR4,1110,0,0.02
SIR4,938,0,0.04
SIR4,7478,0,0.0
SIR4,10133,0,0.04
SIR4,31401,0,0.04
SIR4,221493,0,0.04
SIR4,79034,0,0.06
SIR4,60961,0,0.02
SIR4,3000322,0,0.02
SIR4,5281672,0,0.0
SIR4,1045,0,0.04
SIR4,199,0,0.2
SIR4,1103,0,0.04
SIR4,785,0,0.12
SIR4,3000346,0,0.22
SIR4,998,0,0.06
SIR4,46936484,0,0.02
SIR4,955,0,0.16
SIR4,243,0,0.08
SIR4,1102,0,0.02
SIR4,971,0,0.02
SIR4,25322948,0,0.08
SIR4,681,0,0.02
SIR4,9996708,0,0.08
SIR4,750,0,0.02
SIR4,444863,0,0.0
SIR4,26470759,0,0.22
SIR4,289,0,0.14
SIR4,8969,0,0.12
SIR4,1054,0,0.12
SIR4,5281855,0,0.0
SIR4,72281,0,0.0
SIR4,54670067,0,0.02
SIR4,145742,0,0.06
SIR4,942,0,0.1
SIR4,3532,0,0.04
SIR4,2230,0,0.02
SIR4,379,0,0.1
SIR4,6137,0,0.26
SIR4,16666,0,0.08
SIR4,5283731,0,0.02
SIR4,5280795,0,0.02
SIR4,3182,0,0.12
SIR4,311,0,0.2
SIR4,6089,0,0.04
SIR4,441074,0,0.08
SIR4,612,0,0.0
SIR4,6057,0,0.02
SIR4,6912,0,0.08
SIR4,5960,0,0.06
SIR4,5951,0,0.04
SIR4,6288,0,0.06
SIR4,6287,0,0.04
SIR4,6106,0,0.08
SIR4,239,0,0.0
SIR4,5950,0,0.02
SIR4,154417,0,0.02
SIR4,6140,0,0.02
SIR4,46936492,0,0.04
SIR4,5978,1,0.52
SIR4,241903,1,0.52
SIR4,6021,0,0.06
SIR4,190,0,0.2
SIR4,790,0,0.0
SIR4,1031,0,0.14
SIR4,445354,0,0.1
SIR4,6037,1,0.64
SIR4,493570,0,0.12
SIR4,448751,0,0.12
SIR4,385,0,0.06
SIR4,760,0,0.1
SIR4,743,0,0.06
SIR4,7054,0,0.0
SIR4,264,0,0.0
SIR4,47936,0,0.12
SIR4,439685,0,0.1
SIR4,5282745,0,0.04
SIR4,2879,0,0.1
SIR4,1032,0,0.0
SIR4,46936757,0,0.02
SIR4,19,0,0.0
SIR4,14969,0,0.14
SIR4,2969,0,0.1
SIR4,6590,0,0.1
SIR4,10430,0,0.08
SIR4,440995,0,0.0
SIR4,439260,0,0.02
SIR4,8617,0,0.22
SIR4,1135,0,0.12
SIR4,7991,0,0.04
SIR4,3715,1,0.74
SIR4,5770,0,0.34
SIR4,1176,0,0.12
SIR4,936,0,0.18
SIR4,12530,0,0.1
SIR4,443884,0,0.02
SIR4,440473,0,0.06
SIR4,1549107,0,0.08
SIR4,174174,0,0.02
SIR4,1491,0,0.0
SIR4,647,0,0.04
SIR4,5326566,0,0.08
SIR4,7997,0,0.02
SIR4,1005,0,0.02
SIR4,757,0,0.02
SIR4,24417,0,0.2
SIR4,46936732,0,0.22
SIR4,1123,0,0.12
SIR4,6047,0,0.04
SIR4,441478,0,0.22
SIR4,6581,0,0.0
SIR4,11047943,0,0.06
SIR4,9294,0,0.04
SIR4,31721,0,0.06
SIR4,3007,0,0.16
SIR4,10836,0,0.18
SIR4,342,0,0.12
SIR4,3631,0,0.04
SIR4,6013,0,0.02
SIR4,6128,0,0.02
SIR4,3662,0,0.06
SIR4,9750,0,0.02
SIR4,5288826,0,0.0
SIR5,5870,0,0.24
SIR5,445154,1,0.66
SIR5,46937002,0,0.02
SIR5,46936193,0,0.02
SIR5,54675858,0,0.0
SIR5,5280961,0,0.02
SIR5,2519,0,0.38
SIR5,2153,1,0.54
SIR5,5429,0,0.48
SIR5,2353,0,0.18
SIR5,5994,0,0.08
SIR5,10235,0,0.12
SIR5,1060,0,0.0
SIR5,5280934,0,0.04
SIR5,6054,0,0.06
SIR5,119205,0,0.06
SIR5,637517,0,0.02
SIR5,996,0,0.02
SIR5,439246,0,0.0
SIR5,3034034,0,0.08
SIR5,1130,0,0.2
SIR5,3893,0,0.08
SIR5,12620,0,0.04
SIR5,444294,0,0.2
SIR5,14985,0,0.14
SIR5,338,0,0.0
SIR5,5280863,0,0.0
SIR5,446220,0,0.18
SIR5,702,0,0.1
SIR5,3776,0,0.08
SIR5,5280343,0,0.0
SIR5,6305,0,0.4
SIR5,107971,0,0.02
SIR5,6274,0,0.3
SIR5,6267,0,0.14
SIR5,5962,0,0.0
SIR5,5862,0,0.06
SIR5,33032,0,0.04
SIR5,1174,0,0.22
SIR5,453551,0,0.1
SIR5,1110,0,0.02
SIR5,938,0,0.14
SIR5,7478,0,0.0
SIR5,10133,0,0.22
SIR5,31401,0,0.22
SIR5,221493,0,0.22
SIR5,79034,0,0.08
SIR5,60961,0,0.2
SIR5,3000322,0,0.06
SIR5,5281672,0,0.0
SIR5,1045,0,0.12
SIR5,199,0,0.28
SIR5,1103,0,0.16
SIR5,785,0,0.04
SIR5,3000346,0,0.12
SIR5,998,0,0.16
SIR5,46936484,0,0.04
SIR5,955,0,0.04
SIR5,243,0,0.02
SIR5,1102,0,0.12
SIR5,971,0,0.0
SIR5,25322948,0,0.22
SIR5,681,0,0.1
SIR5,9996708,0,0.0
SIR5,750,0,0.04
SIR5,444863,0,0.0
SIR5,26470759,0,0.02
SIR5,289,0,0.04
SIR5,8969,0,0.1
SIR5,1054,0,0.16
SIR5,5281855,0,0.08
SIR5,72281,0,0.0
SIR5,54670067,0,0.08
SIR5,145742,0,0.14
SIR5,942,0,0.16
SIR5,3532,0,0.04
SIR5,2230,0,0.02
SIR5,379,0,0.08
SIR5,6137,0,0.1
SIR5,16666,0,0.06
SIR5,5283731,0,0.06
SIR5,5280795,0,0.06
SIR5,3182,0,0.26
SIR5,311,0,0.06
SIR5,6089,0,0.04
SIR5,441074,0,0.08
SIR5,612,0,0.0
SIR5,6057,0,0.1
SIR5,6912,0,0.0
SIR5,5960,0,0.02
SIR5,5951,0,0.02
SIR5,6288,0,0.04
SIR5,6287,0,0.1
SIR5,6106,0,0.12
SIR5,239,0,0.02
SIR5,5950,0,0.0
SIR5,154417,0,0.06
SIR5,6140,0,0.14
SIR5,46936492,0,0.02
SIR5,5978,0,0.16
SIR5,241903,0,0.08
SIR5,6021,0,0.12
SIR5,190,0,0.2
SIR5,790,0,0.24
SIR5,1031,0,0.06
SIR5,445354,0,0.04
SIR5,6037,0,0.5
SIR5,493570,0,0.22
SIR5,448751,0,0.02
SIR5,385,0,0.06
SIR5,760,0,0.04
SIR5,743,0,0.02
SIR5,7054,0,0.12
SIR5,264,0,0.02
SIR5,47936,0,0.06
SIR5,439685,0,0.18
SIR5,5282745,0,0.04
SIR5,2879,0,0.04
SIR5,1032,0,0.0
SIR5,46936757,0,0.02
SIR5,19,0,0.02
SIR5,14969,0,0.26
SIR5,2969,0,0.08
SIR5,6590,0,0.08
SIR5,10430,0,0.14
SIR5,440995,0,0.02
SIR5,439260,0,0.12
SIR5,8617,0,0.28
SIR5,1135,0,0.22
SIR5,7991,0,0.06
SIR5,3715,0,0.34
SIR5,5770,0,0.1
SIR5,1176,0,0.02
SIR5,936,1,0.64
SIR5,12530,0,0.08
SIR5,443884,0,0.1
SIR5,440473,0,0.12
SIR5,1549107,0,0.02
SIR5,174174,0,0.06
SIR5,1491,0,0.04
SIR5,647,0,0.02
SIR5,5326566,0,0.12
SIR5,7997,0,0.04
SIR5,1005,0,0.04
SIR5,757,0,0.0
SIR5,24417,0,0.1
SIR5,46936732,0,0.36
SIR5,1123,0,0.14
SIR5,6047,0,0.1
SIR5,441478,0,0.02
SIR5,6581,0,0.02
SIR5,11047943,0,0.06
SIR5,9294,0,0.04
SIR5,31721,0,0.08
SIR5,3007,0,0.04
SIR5,10836,0,0.04
SIR5,342,0,0.08
SIR5,3631,0,0.06
SIR5,6013,0,0.16
SIR5,6128,0,0.08
SIR5,3662,0,0.04
SIR5,9750,0,0.24
SIR5,5288826,0,0.02
